{"stats":{"minecraft:used":{"minecraft:iron_pickaxe":4,"minecraft:diamond_pickaxe":1,"minecraft:cobbled_deepslate":22,"obsidianplusmod:obsidian_pickaxe":2},"minecraft:killed":{"minecraft:cave_spider":1},"minecraft:picked_up":{"obsidianplusmod:obsidianshard":4,"minecraft:string":1},"minecraft:custom":{"minecraft:jump":16,"minecraft:time_since_rest":7942,"minecraft:damage_dealt":120,"minecraft:leave_game":1,"minecraft:sprint_one_cm":589,"minecraft:play_time":7942,"minecraft:damage_taken":160,"minecraft:time_since_death":7942,"minecraft:walk_one_cm":8285,"minecraft:sneak_time":339,"minecraft:total_world_time":7957,"minecraft:mob_kills":1,"minecraft:fly_one_cm":30588},"minecraft:mined":{"obsidianplusmod:obsidian_ore":3}},"DataVersion":3955}